game,W/L_model,W/L_rand,W/L_avg
0.0,0,0,0
1.0,0,0,0
2.0,0,0,0
3.0,0,1,0
4.0,0,1,1
5.0,0,1,1
6.0,0,1,1
7.0,1,1,1
8.0,1,1,2
9.0,1,1,2
10.0,1,1,2
11.0,1,1,2
12.0,1,1,3
13.0,1,1,3
14.0,1,1,4
15.0,1,1,5
16.0,1,1,5
17.0,1,2,5
18.0,1,2,5
19.0,1,2,5
20.0,1,3,5
21.0,1,3,6
22.0,1,3,6
23.0,1,3,6
24.0,2,4,6
25.0,3,4,6
26.0,3,4,6
27.0,3,4,6
28.0,3,4,6
29.0,3,4,6
30.0,4,4,6
31.0,4,4,6
32.0,4,4,6
33.0,4,5,7
34.0,4,5,7
35.0,5,5,7
36.0,5,5,7
37.0,5,5,7
38.0,5,5,7
39.0,5,5,7
40.0,5,5,7
41.0,5,6,7
42.0,5,6,7
43.0,5,6,7
44.0,5,6,8
45.0,5,7,8
46.0,5,7,8
47.0,5,7,8
48.0,5,7,8
49.0,5,7,8
50.0,5,7,8
51.0,5,7,8
52.0,5,7,8
53.0,5,7,8
54.0,5,7,8
55.0,5,7,8
56.0,5,7,8
57.0,6,8,8
58.0,6,8,8
59.0,6,8,8
60.0,6,8,8
61.0,6,8,9
62.0,7,8,9
63.0,7,8,9
64.0,7,8,9
65.0,7,8,9
66.0,8,8,9
67.0,8,8,9
68.0,8,8,9
69.0,8,8,9
70.0,8,8,9
71.0,8,8,10
72.0,8,8,10
73.0,9,8,10
74.0,9,8,10
75.0,9,8,10
76.0,9,8,10
77.0,9,8,10
78.0,9,8,10
79.0,9,8,10
80.0,9,8,10
81.0,9,8,10
82.0,9,8,10
83.0,9,8,10
84.0,9,8,10
85.0,9,8,10
86.0,9,8,11
87.0,9,8,11
88.0,9,8,11
89.0,9,8,11
90.0,9,8,11
91.0,9,8,12
92.0,9,8,13
93.0,10,9,13
94.0,10,9,13
95.0,10,9,13
96.0,10,9,13
97.0,10,9,13
98.0,10,9,13
99.0,10,9,13
100.0,10,10,13
101.0,10,11,13
102.0,10,11,13
103.0,10,11,13
104.0,10,11,13
105.0,10,11,13
106.0,10,11,13
107.0,11,11,13
108.0,11,11,13
109.0,11,11,13
110.0,11,12,13
111.0,12,12,14
112.0,13,12,14
113.0,13,12,15
114.0,13,12,15
115.0,13,12,15
116.0,13,12,15
117.0,13,13,15
118.0,13,13,15
119.0,13,14,16
120.0,13,14,16
121.0,13,14,16
122.0,13,14,16
123.0,13,14,17
124.0,13,14,17
125.0,13,14,17
126.0,13,14,17
127.0,13,15,18
128.0,13,15,18
129.0,13,15,18
130.0,13,15,18
131.0,13,15,18
132.0,13,16,18
133.0,13,17,18
134.0,13,17,18
135.0,14,17,18
136.0,14,17,18
137.0,14,17,19
138.0,15,17,19
139.0,15,17,20
140.0,15,17,21
141.0,15,17,21
142.0,15,17,21
143.0,15,17,21
144.0,15,17,21
145.0,15,17,21
146.0,15,17,21
147.0,15,17,21
148.0,15,17,21
149.0,15,17,21
150.0,15,17,21
151.0,15,17,21
152.0,15,18,21
153.0,16,18,21
154.0,17,18,21
155.0,17,18,21
156.0,17,18,21
157.0,18,18,21
158.0,18,18,21
159.0,18,18,21
160.0,18,18,21
161.0,19,18,21
162.0,19,18,22
163.0,19,18,22
164.0,19,18,22
165.0,19,18,23
166.0,19,19,24
167.0,19,19,25
168.0,19,19,25
169.0,19,19,25
170.0,19,19,25
171.0,19,19,25
172.0,20,19,25
173.0,20,19,25
174.0,20,19,25
175.0,20,19,25
176.0,20,19,25
177.0,20,19,25
178.0,20,19,25
179.0,20,19,25
180.0,20,19,25
181.0,20,19,25
182.0,20,19,25
183.0,20,19,25
184.0,20,19,25
185.0,20,20,25
186.0,20,20,25
187.0,20,20,25
188.0,20,20,25
189.0,20,20,26
190.0,20,20,26
191.0,20,20,26
192.0,20,21,26
193.0,21,21,26
194.0,21,21,26
195.0,21,21,26
196.0,21,21,26
197.0,21,22,26
198.0,21,23,26
199.0,21,23,26
200.0,21,23,26
201.0,21,23,26
202.0,21,23,26
203.0,21,23,27
204.0,21,23,27
205.0,21,23,27
206.0,21,23,27
207.0,21,23,27
208.0,21,23,27
209.0,22,23,27
210.0,22,23,27
211.0,22,24,27
212.0,22,24,27
213.0,23,24,27
214.0,23,24,27
215.0,23,25,27
216.0,23,25,28
217.0,23,25,28
218.0,23,25,28
219.0,24,26,28
220.0,24,26,29
221.0,24,26,29
222.0,24,26,29
223.0,25,26,29
224.0,25,26,29
225.0,25,26,29
226.0,25,26,29
227.0,25,26,29
228.0,25,26,29
229.0,25,26,29
230.0,25,26,29
231.0,25,26,29
232.0,26,26,29
233.0,26,26,29
234.0,26,26,29
235.0,26,26,29
236.0,26,26,29
237.0,26,26,29
238.0,26,26,29
239.0,26,26,29
240.0,26,26,29
241.0,26,26,30
242.0,27,26,30
243.0,27,27,30
244.0,27,27,30
245.0,27,28,30
246.0,27,29,30
247.0,27,29,30
248.0,27,29,30
249.0,27,29,30
250.0,27,29,30
251.0,27,29,30
252.0,28,29,30
253.0,28,29,30
254.0,28,30,30
255.0,28,30,30
256.0,28,30,30
257.0,28,30,31
258.0,28,30,31
259.0,28,30,31
260.0,28,30,31
261.0,28,30,31
262.0,29,30,31
263.0,30,30,31
264.0,30,30,31
265.0,30,30,31
266.0,30,30,31
267.0,31,30,31
268.0,31,30,31
269.0,31,30,31
270.0,32,30,31
271.0,32,30,31
272.0,32,30,31
273.0,32,30,31
274.0,32,30,31
275.0,32,30,31
276.0,32,30,31
277.0,32,30,31
278.0,32,30,31
279.0,32,30,31
280.0,32,30,32
281.0,32,30,32
282.0,32,30,32
283.0,32,30,32
284.0,32,30,32
285.0,33,30,32
286.0,34,30,32
287.0,35,30,32
288.0,36,30,32
289.0,37,30,32
290.0,37,30,32
291.0,37,30,32
292.0,37,30,32
293.0,37,30,32
294.0,37,30,32
295.0,37,30,32
296.0,37,30,32
297.0,37,30,32
298.0,37,30,32
299.0,38,31,32
300.0,38,31,32
301.0,38,31,32
302.0,38,31,32
303.0,38,31,33
304.0,38,31,33
305.0,38,31,34
306.0,38,32,35
307.0,38,32,35
308.0,38,32,35
309.0,39,32,35
310.0,39,33,35
311.0,39,33,35
312.0,39,34,35
313.0,40,34,35
314.0,41,34,35
315.0,41,34,35
316.0,41,34,35
317.0,41,34,35
318.0,41,34,35
319.0,41,34,35
320.0,41,35,35
321.0,41,35,35
322.0,42,35,35
323.0,42,35,35
324.0,42,35,35
325.0,42,35,35
326.0,42,35,35
327.0,42,35,35
328.0,42,35,36
329.0,42,36,37
330.0,42,36,37
331.0,43,36,37
332.0,43,36,37
333.0,43,36,37
334.0,43,37,37
335.0,43,38,37
336.0,43,38,37
337.0,43,38,37
338.0,43,39,37
339.0,43,39,37
340.0,43,39,37
341.0,43,39,37
342.0,43,40,37
343.0,43,40,37
344.0,43,40,37
345.0,43,40,37
346.0,43,40,37
347.0,43,40,37
348.0,43,40,37
349.0,43,40,37
350.0,43,40,37
351.0,43,40,37
352.0,44,41,37
353.0,44,41,37
354.0,44,41,37
355.0,44,41,37
356.0,44,41,37
357.0,44,42,37
358.0,44,42,37
359.0,44,43,37
360.0,44,43,37
361.0,44,43,37
362.0,44,43,38
363.0,44,43,38
364.0,44,43,38
365.0,44,43,38
366.0,44,43,38
367.0,44,43,38
368.0,45,43,38
369.0,46,43,38
370.0,46,44,38
371.0,46,44,38
372.0,46,44,38
373.0,47,44,38
374.0,47,44,38
375.0,47,45,38
376.0,47,46,38
377.0,48,46,38
378.0,48,46,38
379.0,48,46,38
380.0,48,47,38
381.0,48,48,38
382.0,48,48,38
383.0,48,48,38
384.0,48,48,38
385.0,48,48,38
386.0,49,48,38
387.0,49,48,38
388.0,49,48,38
389.0,49,48,38
390.0,50,48,38
391.0,50,48,38
392.0,50,48,38
393.0,50,48,38
394.0,50,48,39
395.0,50,48,39
396.0,50,48,39
397.0,50,48,39
398.0,50,48,39
399.0,50,48,39
400.0,50,49,39
401.0,50,49,39
402.0,50,50,39
403.0,50,50,39
404.0,50,50,39
405.0,50,50,39
406.0,50,50,39
407.0,50,50,39
408.0,50,50,39
409.0,51,50,39
410.0,51,51,40
411.0,51,51,40
412.0,51,51,40
413.0,51,51,41
414.0,51,51,41
415.0,51,52,41
416.0,51,52,41
417.0,51,52,41
418.0,52,52,41
419.0,52,53,41
420.0,53,53,41
421.0,53,53,41
422.0,53,53,41
423.0,53,53,41
424.0,53,53,41
425.0,53,53,41
426.0,53,53,41
427.0,54,53,41
428.0,54,53,41
429.0,54,53,42
430.0,54,53,42
431.0,54,53,42
432.0,54,53,42
433.0,54,53,42
434.0,54,53,42
435.0,55,53,42
436.0,55,53,42
437.0,55,53,42
438.0,55,53,42
439.0,56,53,42
440.0,56,53,42
441.0,56,53,42
442.0,56,53,42
443.0,56,53,42
444.0,56,54,42
445.0,56,54,43
446.0,56,54,43
447.0,56,54,43
448.0,56,54,43
449.0,56,54,43
450.0,56,54,43
451.0,56,54,44
452.0,56,54,44
453.0,56,54,44
454.0,57,54,44
455.0,57,54,44
456.0,57,54,44
457.0,57,54,45
458.0,57,54,45
459.0,58,54,45
460.0,58,54,45
461.0,58,54,45
462.0,58,54,45
463.0,59,54,45
464.0,59,54,45
465.0,60,54,45
466.0,61,54,45
467.0,61,54,45
468.0,62,54,45
469.0,62,54,45
470.0,62,54,45
471.0,62,54,45
472.0,62,55,46
473.0,62,55,46
474.0,62,55,46
475.0,62,55,46
476.0,62,55,46
477.0,62,55,46
478.0,62,55,47
479.0,62,55,47
480.0,62,55,47
481.0,62,55,48
482.0,62,55,48
483.0,62,55,48
484.0,62,55,48
485.0,62,55,48
486.0,62,55,48
487.0,62,55,48
488.0,62,55,48
489.0,62,55,48
490.0,63,55,48
491.0,63,55,48
492.0,63,55,48
493.0,64,55,48
494.0,64,55,48
495.0,65,55,48
496.0,65,55,48
497.0,66,55,48
498.0,66,55,48
499.0,66,55,49
500.0,66,55,49
501.0,66,55,49
502.0,66,55,49
503.0,67,55,49
504.0,67,55,49
505.0,68,55,49
506.0,68,55,49
507.0,68,55,49
508.0,68,55,49
509.0,68,55,49
510.0,69,55,49
511.0,70,56,49
512.0,70,56,49
513.0,70,56,49
514.0,70,56,49
515.0,70,56,49
516.0,70,56,49
517.0,70,56,49
518.0,70,56,49
519.0,70,56,49
520.0,70,56,49
521.0,70,56,50
522.0,70,56,51
523.0,70,56,51
524.0,71,57,51
525.0,71,57,51
526.0,71,57,51
527.0,71,57,51
528.0,72,57,51
529.0,73,57,51
530.0,73,57,51
531.0,73,57,51
532.0,73,57,51
533.0,73,57,51
534.0,73,57,51
535.0,73,57,52
536.0,74,57,52
537.0,74,57,53
538.0,74,57,53
539.0,74,57,53
540.0,74,57,53
541.0,75,57,53
542.0,75,57,54
543.0,75,57,55
544.0,76,57,55
545.0,77,57,55
546.0,77,57,56
547.0,77,57,56
548.0,77,58,56
549.0,77,59,56
550.0,77,59,56
551.0,77,59,56
552.0,77,59,56
553.0,77,59,56
554.0,78,59,56
555.0,78,59,56
556.0,79,59,56
557.0,79,59,56
558.0,79,59,57
559.0,79,59,58
560.0,79,59,58
561.0,79,59,58
562.0,79,59,58
563.0,79,60,59
564.0,79,60,60
565.0,80,60,60
566.0,80,60,61
567.0,80,60,61
568.0,81,61,61
569.0,81,61,61
570.0,81,61,61
571.0,81,61,61
572.0,81,61,61
573.0,81,61,61
574.0,81,61,61
575.0,81,61,61
576.0,81,61,61
577.0,81,62,61
578.0,81,62,61
579.0,82,62,61
580.0,83,62,61
581.0,83,62,61
582.0,83,62,62
583.0,83,62,62
584.0,83,62,62
585.0,83,62,62
586.0,84,62,62
587.0,84,62,62
588.0,84,62,62
589.0,84,62,62
590.0,84,62,62
591.0,84,62,63
592.0,84,62,63
593.0,84,62,63
594.0,85,63,63
595.0,86,63,63
596.0,86,63,64
597.0,86,63,64
598.0,86,63,64
599.0,86,63,64
600.0,86,63,64
601.0,86,63,64
602.0,87,63,64
603.0,87,63,64
604.0,87,63,64
605.0,87,63,64
606.0,87,63,65
607.0,87,63,65
608.0,87,63,65
609.0,87,63,65
610.0,87,63,65
611.0,87,63,65
612.0,87,63,65
613.0,87,63,65
614.0,88,63,65
615.0,88,63,65
616.0,88,63,65
617.0,88,63,66
618.0,88,64,66
619.0,88,64,66
620.0,88,64,66
621.0,88,64,66
622.0,88,64,66
623.0,88,64,66
624.0,88,65,66
625.0,88,65,67
626.0,88,65,68
627.0,88,65,69
628.0,89,65,69
629.0,89,65,69
630.0,89,65,69
631.0,89,65,69
632.0,89,65,69
633.0,89,65,69
634.0,90,65,69
635.0,90,65,69
636.0,90,65,69
637.0,90,65,69
638.0,91,65,69
639.0,92,65,69
640.0,92,65,69
641.0,92,65,70
642.0,92,65,70
643.0,92,65,70
644.0,93,65,70
645.0,94,65,70
646.0,94,65,70
647.0,94,65,70
648.0,94,65,70
649.0,94,65,70
650.0,94,65,70
651.0,94,65,71
652.0,94,66,71
653.0,94,66,72
654.0,94,66,72
655.0,94,66,73
656.0,94,66,73
657.0,94,67,73
658.0,94,67,73
659.0,95,67,73
660.0,95,67,73
661.0,96,67,73
662.0,96,67,73
663.0,96,67,73
664.0,96,67,73
665.0,96,68,73
666.0,96,68,73
667.0,97,69,73
668.0,97,69,73
669.0,97,69,73
670.0,97,69,73
671.0,97,69,73
672.0,97,69,73
673.0,97,69,73
674.0,97,69,73
675.0,97,69,73
676.0,97,69,73
677.0,97,69,74
678.0,98,70,74
679.0,98,70,74
680.0,98,71,74
681.0,98,72,74
682.0,98,72,74
683.0,98,72,74
684.0,98,72,75
685.0,99,72,75
686.0,99,72,75
687.0,99,72,75
688.0,99,72,75
689.0,99,72,75
690.0,99,72,75
691.0,100,73,75
692.0,101,73,75
693.0,101,73,75
694.0,101,73,75
695.0,101,73,75
696.0,101,73,75
697.0,101,73,75
698.0,102,73,75
699.0,102,73,75
700.0,102,73,75
701.0,102,73,75
702.0,102,73,75
703.0,103,73,75
704.0,103,74,75
705.0,103,74,75
706.0,103,74,75
707.0,103,74,75
708.0,103,74,75
709.0,103,75,75
710.0,103,75,75
711.0,103,75,75
712.0,103,75,75
713.0,103,75,75
714.0,103,75,75
715.0,103,75,76
716.0,104,75,76
717.0,104,75,76
718.0,104,76,76
719.0,104,76,77
720.0,105,76,77
721.0,105,76,77
722.0,105,76,77
723.0,105,76,77
724.0,105,76,77
725.0,105,76,77
726.0,105,76,77
727.0,105,76,77
728.0,105,77,77
729.0,105,78,77
730.0,105,78,77
731.0,105,78,77
732.0,105,79,77
733.0,105,79,77
734.0,106,79,77
735.0,107,79,77
736.0,107,79,77
737.0,107,79,77
738.0,107,79,77
739.0,107,79,77
740.0,107,79,77
741.0,107,79,78
742.0,107,79,78
743.0,107,80,79
744.0,107,80,80
745.0,108,80,80
746.0,109,80,80
747.0,110,81,80
748.0,110,82,80
749.0,110,83,80
750.0,110,83,80
751.0,111,83,80
752.0,111,83,80
753.0,111,83,80
754.0,111,83,80
755.0,111,83,80
756.0,111,83,80
757.0,111,83,81
758.0,112,83,81
759.0,112,83,81
760.0,112,84,81
761.0,112,84,81
762.0,112,84,81
763.0,112,84,81
764.0,112,84,81
765.0,112,85,81
766.0,112,85,81
767.0,112,85,81
768.0,112,85,81
769.0,112,85,82
770.0,113,85,82
771.0,114,86,82
772.0,114,87,82
773.0,115,87,82
774.0,115,87,82
775.0,116,87,82
776.0,117,87,82
777.0,118,87,82
778.0,118,87,82
779.0,118,87,83
780.0,118,87,83
781.0,118,87,83
782.0,118,87,83
783.0,118,87,83
784.0,119,87,83
785.0,119,87,83
786.0,119,87,83
787.0,120,87,83
788.0,120,87,83
789.0,120,87,84
790.0,120,87,85
791.0,120,88,85
792.0,120,88,85
793.0,120,88,86
794.0,120,88,86
795.0,121,88,86
796.0,121,88,86
797.0,121,88,86
798.0,121,88,86
799.0,121,89,86
800.0,121,89,86
801.0,122,89,86
802.0,122,89,86
803.0,122,89,86
804.0,123,89,86
805.0,124,89,86
806.0,125,89,86
807.0,125,89,86
808.0,126,89,86
809.0,126,90,86
810.0,126,90,87
811.0,126,90,87
812.0,126,90,87
813.0,126,90,87
814.0,126,90,87
815.0,127,91,87
816.0,127,91,88
817.0,127,91,88
818.0,127,91,88
819.0,127,91,88
820.0,127,91,88
821.0,127,91,88
822.0,127,92,88
823.0,127,92,88
824.0,127,92,88
825.0,127,92,88
826.0,127,92,88
827.0,128,92,88
828.0,128,92,89
829.0,129,92,89
830.0,129,92,89
831.0,130,92,89
832.0,130,92,89
833.0,131,92,89
834.0,131,92,89
835.0,131,92,89
836.0,131,92,89
837.0,131,92,89
838.0,131,92,89
839.0,131,92,89
840.0,131,93,90
841.0,131,93,90
842.0,131,93,90
843.0,131,94,90
844.0,131,94,90
845.0,131,94,90
846.0,131,94,90
847.0,131,94,90
848.0,131,94,90
849.0,131,94,90
850.0,132,94,90
851.0,132,95,90
852.0,132,96,90
853.0,132,96,90
854.0,132,96,90
855.0,133,96,90
856.0,133,96,90
857.0,133,96,91
858.0,133,96,91
859.0,133,96,92
860.0,134,96,92
861.0,134,96,92
862.0,134,97,92
863.0,134,97,92
864.0,134,97,92
865.0,134,97,92
866.0,134,97,92
867.0,134,97,92
868.0,134,98,92
869.0,134,98,92
870.0,135,98,92
871.0,136,98,92
872.0,136,99,92
873.0,137,99,92
874.0,137,99,92
875.0,137,100,93
876.0,137,100,93
877.0,137,100,94
878.0,137,100,94
879.0,137,100,94
880.0,137,100,94
881.0,137,100,94
882.0,137,100,94
883.0,137,100,94
884.0,137,100,94
885.0,137,100,94
886.0,137,100,94
887.0,137,100,95
888.0,138,100,95
889.0,138,100,96
890.0,138,100,96
891.0,138,101,96
892.0,138,101,96
893.0,138,101,96
894.0,138,101,96
895.0,138,101,96
896.0,138,101,96
897.0,139,101,96
898.0,140,101,96
899.0,140,101,97
900.0,141,101,97
901.0,141,101,97
902.0,141,101,97
903.0,141,101,97
904.0,141,101,97
905.0,141,101,98
906.0,141,101,98
907.0,141,101,98
908.0,141,101,98
909.0,141,101,98
910.0,141,101,98
911.0,141,101,99
912.0,141,101,99
913.0,142,101,99
914.0,142,101,100
915.0,142,101,100
916.0,142,101,100
917.0,142,101,100
918.0,142,101,100
919.0,142,101,101
920.0,142,101,101
921.0,142,101,101
922.0,142,101,101
923.0,142,101,101
924.0,142,101,101
925.0,142,101,101
926.0,142,101,101
927.0,143,101,101
928.0,143,101,101
929.0,143,101,101
930.0,143,101,101
931.0,143,101,101
932.0,143,101,101
933.0,143,101,101
934.0,144,101,101
935.0,145,102,101
936.0,146,102,101
937.0,147,102,101
938.0,147,102,101
939.0,147,102,102
940.0,147,102,102
941.0,147,102,103
942.0,147,102,103
943.0,147,102,104
944.0,147,102,104
945.0,148,102,104
946.0,148,102,104
947.0,148,102,104
948.0,148,102,104
949.0,148,102,104
950.0,148,102,104
951.0,148,102,104
952.0,148,102,104
953.0,148,102,104
954.0,148,103,104
955.0,149,104,104
956.0,149,104,104
957.0,150,105,104
958.0,150,105,104
959.0,150,105,104
960.0,150,105,104
961.0,150,105,105
962.0,150,105,105
963.0,150,105,105
964.0,150,106,105
965.0,150,106,105
966.0,151,106,105
967.0,152,106,105
968.0,153,107,105
969.0,153,107,105
970.0,153,107,105
971.0,153,107,105
972.0,153,108,105
973.0,153,108,105
974.0,153,108,105
975.0,153,108,105
976.0,153,108,105
977.0,153,108,105
978.0,153,108,105
979.0,153,108,106
980.0,153,108,106
981.0,154,108,106
982.0,154,108,106
983.0,154,108,106
984.0,155,108,106
985.0,155,109,106
986.0,155,109,106
987.0,155,109,106
988.0,155,109,106
989.0,155,109,107
990.0,155,109,107
991.0,155,109,107
992.0,155,109,107
993.0,155,109,107
994.0,155,109,107
995.0,155,109,107
996.0,155,109,108
997.0,155,109,108
998.0,155,109,108
999.0,155,109,108
1000.0,155,110,108
1001.0,155,110,108
1002.0,155,110,108
1003.0,155,110,108
1004.0,155,110,108
1005.0,156,110,108
1006.0,156,110,109
1007.0,156,110,109
1008.0,156,110,110
1009.0,156,110,110
1010.0,156,110,110
1011.0,156,110,110
1012.0,156,111,111
1013.0,156,111,112
1014.0,156,112,112
1015.0,156,112,112
1016.0,157,112,112
1017.0,158,112,112
1018.0,158,112,112
1019.0,158,112,112
1020.0,158,112,112
1021.0,158,112,112
1022.0,158,112,112
1023.0,158,112,112
1024.0,158,112,112
1025.0,158,112,112
1026.0,159,112,112
1027.0,159,112,113
1028.0,160,112,113
1029.0,161,112,113
1030.0,161,112,113
1031.0,161,112,114
1032.0,161,113,114
1033.0,161,113,114
1034.0,161,113,114
1035.0,162,113,114
1036.0,162,113,114
1037.0,162,113,115
1038.0,162,113,115
1039.0,162,113,115
1040.0,162,113,115
1041.0,162,114,115
1042.0,162,114,115
1043.0,163,114,115
1044.0,163,114,115
1045.0,163,115,115
1046.0,163,116,115
1047.0,163,116,116
1048.0,164,116,116
1049.0,164,116,116
1050.0,164,116,116
1051.0,164,116,116
1052.0,164,116,116
1053.0,164,117,116
1054.0,165,117,116
1055.0,165,117,116
1056.0,165,117,116
1057.0,165,117,116
1058.0,165,117,116
1059.0,165,117,116
1060.0,165,117,116
1061.0,165,117,116
1062.0,165,117,117
1063.0,165,117,117
1064.0,165,117,117
1065.0,165,117,117
1066.0,165,117,117
1067.0,165,117,117
1068.0,165,118,117
1069.0,165,118,117
1070.0,165,118,117
1071.0,166,118,117
1072.0,167,118,117
1073.0,167,118,117
1074.0,167,118,117
1075.0,167,118,117
1076.0,167,118,117
1077.0,168,118,117
1078.0,168,118,117
1079.0,169,118,117
1080.0,169,118,117
1081.0,169,118,117
1082.0,169,118,117
1083.0,169,118,117
1084.0,169,118,117
1085.0,169,118,117
1086.0,169,118,117
1087.0,169,118,117
1088.0,169,118,118
1089.0,169,118,118
1090.0,169,118,118
1091.0,169,118,118
1092.0,169,118,118
1093.0,169,118,118
1094.0,169,118,118
1095.0,169,118,119
1096.0,169,118,119
1097.0,169,118,119
1098.0,169,118,119
1099.0,169,118,120
1100.0,169,118,120
1101.0,169,119,121
1102.0,169,119,121
1103.0,170,119,121
1104.0,170,119,121
1105.0,170,119,122
1106.0,170,119,123
1107.0,170,120,124
1108.0,170,120,124
1109.0,171,120,124
1110.0,171,120,125
1111.0,171,120,125
1112.0,171,120,125
1113.0,172,121,125
1114.0,172,121,126
1115.0,173,121,126
1116.0,174,121,126
1117.0,174,121,126
1118.0,175,122,126
1119.0,175,122,126
1120.0,175,122,126
1121.0,175,122,126
1122.0,175,122,126
1123.0,175,122,126
1124.0,176,122,126
1125.0,177,122,126
1126.0,177,122,127
1127.0,177,122,127
1128.0,177,122,127
1129.0,177,122,127
1130.0,177,122,128
1131.0,177,122,128
1132.0,177,122,128
1133.0,178,122,128
1134.0,178,122,129
1135.0,178,122,129
1136.0,178,123,129
1137.0,178,123,129
1138.0,178,123,130
1139.0,179,123,130
1140.0,180,124,130
1141.0,180,124,130
1142.0,180,124,130
1143.0,181,125,130
1144.0,181,125,130
1145.0,181,125,130
1146.0,181,125,131
1147.0,181,125,131
1148.0,182,125,131
1149.0,182,125,132
1150.0,182,125,133
1151.0,182,125,133
1152.0,182,125,133
1153.0,182,126,133
1154.0,183,126,133
1155.0,183,126,133
1156.0,183,126,133
1157.0,183,126,133
1158.0,183,126,133
1159.0,183,126,133
1160.0,183,126,133
1161.0,183,126,133
1162.0,183,126,133
1163.0,184,126,133
1164.0,185,126,133
1165.0,185,127,133
1166.0,185,127,134
1167.0,185,127,134
1168.0,186,127,134
1169.0,186,127,134
1170.0,186,127,134
1171.0,187,127,134
1172.0,187,127,134
1173.0,187,127,134
1174.0,188,128,134
1175.0,188,128,134
1176.0,189,128,134
1177.0,189,128,134
1178.0,189,128,134
1179.0,189,128,134
1180.0,190,128,134
1181.0,190,128,135
1182.0,191,129,135
1183.0,191,129,135
1184.0,191,129,136
1185.0,191,129,136
1186.0,191,129,137
1187.0,191,129,137
1188.0,191,129,137
1189.0,192,129,137
1190.0,192,129,137
1191.0,192,129,137
1192.0,192,129,138
1193.0,193,129,138
1194.0,193,129,138
1195.0,193,129,138
1196.0,193,129,139
1197.0,194,130,139
1198.0,194,130,140
1199.0,194,130,140
1200.0,194,130,140
1201.0,194,130,140
1202.0,194,130,140
1203.0,194,130,140
1204.0,194,130,140
1205.0,194,131,140
1206.0,195,131,140
1207.0,195,131,140
1208.0,195,132,140
1209.0,195,132,140
1210.0,195,133,140
1211.0,195,133,140
1212.0,195,133,140
1213.0,195,133,141
1214.0,195,133,142
1215.0,195,133,142
1216.0,195,133,142
1217.0,195,133,142
1218.0,195,134,142
1219.0,195,134,142
1220.0,195,134,142
1221.0,195,135,142
1222.0,196,135,142
1223.0,197,136,142
1224.0,197,136,142
1225.0,197,136,142
1226.0,197,136,143
1227.0,197,136,143
1228.0,197,136,143
1229.0,197,136,143
1230.0,197,136,144
1231.0,197,136,144
1232.0,197,136,144
1233.0,197,136,144
1234.0,197,136,144
1235.0,198,137,144
1236.0,198,137,144
1237.0,198,137,144
1238.0,199,137,144
1239.0,199,137,144
1240.0,199,137,144
1241.0,199,138,144
1242.0,199,139,144
1243.0,199,139,144
1244.0,199,139,144
1245.0,199,139,144
1246.0,199,139,144
1247.0,199,139,144
1248.0,199,139,144
1249.0,199,139,144
1250.0,199,139,145
1251.0,199,139,146
1252.0,199,139,147
1253.0,199,139,147
1254.0,199,139,148
1255.0,199,139,148
1256.0,199,139,149
1257.0,199,139,149
1258.0,199,139,149
1259.0,199,139,149
1260.0,199,139,149
1261.0,199,139,149
1262.0,199,139,149
1263.0,199,139,149
1264.0,199,139,150
1265.0,199,139,150
1266.0,199,139,150
1267.0,199,139,151
1268.0,199,140,151
1269.0,199,140,151
1270.0,199,140,151
1271.0,199,140,151
1272.0,199,140,151
1273.0,200,140,151
1274.0,200,140,151
1275.0,201,140,151
1276.0,201,140,152
1277.0,201,140,152
1278.0,201,140,152
1279.0,201,140,152
1280.0,202,140,152
1281.0,202,140,153
1282.0,202,141,153
1283.0,202,142,153
1284.0,203,142,153
1285.0,203,142,153
1286.0,203,142,154
1287.0,203,142,154
1288.0,203,142,154
1289.0,203,142,154
1290.0,203,142,154
1291.0,203,142,154
1292.0,204,142,154
1293.0,204,142,154
1294.0,204,142,155
1295.0,204,142,155
1296.0,205,143,155
1297.0,205,143,155
1298.0,205,144,156
1299.0,205,144,156
1300.0,205,144,156
1301.0,205,144,157
1302.0,205,144,158
1303.0,205,144,158
1304.0,205,144,158
1305.0,205,144,158
1306.0,205,144,159
1307.0,205,144,159
1308.0,205,145,159
1309.0,205,145,159
1310.0,205,145,159
1311.0,205,145,159
1312.0,205,145,159
1313.0,205,145,160
1314.0,205,145,160
1315.0,205,145,161
1316.0,205,145,161
1317.0,205,145,161
1318.0,206,145,161
1319.0,206,145,161
1320.0,206,145,162
1321.0,206,145,162
1322.0,207,145,162
1323.0,207,145,162
1324.0,207,145,163
1325.0,207,145,163
1326.0,207,145,163
1327.0,207,145,163
1328.0,207,146,163
1329.0,207,147,163
1330.0,207,147,163
1331.0,207,147,163
1332.0,207,147,163
1333.0,207,147,163
1334.0,207,147,163
1335.0,208,147,163
1336.0,209,147,163
1337.0,209,148,163
1338.0,210,148,163
1339.0,210,148,163
1340.0,210,148,164
1341.0,210,149,164
1342.0,210,149,164
1343.0,210,149,164
1344.0,210,149,164
1345.0,210,149,164
1346.0,210,149,164
1347.0,210,149,164
1348.0,210,149,164
1349.0,210,149,164
1350.0,210,149,164
1351.0,210,150,164
1352.0,210,150,164
1353.0,210,150,165
1354.0,210,150,165
1355.0,210,150,165
1356.0,210,150,165
1357.0,210,150,165
1358.0,211,150,165
1359.0,211,150,165
1360.0,211,150,165
1361.0,212,151,165
1362.0,212,151,165
1363.0,212,151,165
1364.0,212,151,165
1365.0,212,151,165
1366.0,212,151,165
1367.0,212,151,165
1368.0,212,151,165
1369.0,212,151,165
1370.0,212,151,165
1371.0,212,151,165
1372.0,213,151,165
1373.0,213,151,165
1374.0,213,151,165
1375.0,213,151,165
1376.0,213,151,165
1377.0,213,151,165
1378.0,213,151,165
1379.0,213,152,165
1380.0,213,152,165
1381.0,213,152,165
1382.0,213,152,165
1383.0,213,152,165
1384.0,213,152,165
1385.0,213,152,165
1386.0,213,152,166
1387.0,214,152,166
1388.0,215,152,166
1389.0,215,152,166
1390.0,216,153,166
1391.0,216,153,166
1392.0,216,153,166
1393.0,216,153,166
1394.0,216,153,166
1395.0,216,153,166
1396.0,216,153,166
1397.0,216,153,166
1398.0,216,153,166
1399.0,216,153,166
1400.0,216,153,166
1401.0,216,153,166
1402.0,216,153,167
1403.0,216,153,167
1404.0,216,153,167
1405.0,216,153,167
1406.0,216,154,167
1407.0,216,154,168
1408.0,216,154,168
1409.0,216,154,168
1410.0,216,155,168
1411.0,217,155,168
1412.0,217,155,168
1413.0,217,155,168
1414.0,217,155,168
1415.0,217,156,168
1416.0,217,156,168
1417.0,217,156,169
1418.0,217,156,169
1419.0,217,156,169
1420.0,217,156,169
1421.0,217,156,169
1422.0,217,156,170
1423.0,217,156,170
1424.0,217,157,170
1425.0,217,157,170
1426.0,218,157,170
1427.0,218,158,171
1428.0,219,158,171
1429.0,219,158,171
1430.0,219,158,171
1431.0,219,158,171
1432.0,219,159,171
1433.0,219,159,171
1434.0,219,160,171
1435.0,219,161,171
1436.0,219,161,172
1437.0,219,161,172
1438.0,219,161,173
1439.0,219,161,173
1440.0,219,161,173
1441.0,219,161,174
1442.0,220,162,174
1443.0,221,162,174
1444.0,221,162,174
1445.0,221,162,174
1446.0,221,162,174
1447.0,221,163,175
1448.0,221,164,176
1449.0,221,164,176
1450.0,221,164,176
1451.0,221,164,176
1452.0,221,164,176
1453.0,221,165,177
1454.0,221,165,177
1455.0,222,165,177
1456.0,223,165,177
1457.0,224,166,177
1458.0,224,166,177
1459.0,224,166,177
1460.0,224,166,177
1461.0,224,166,177
1462.0,224,167,178
1463.0,224,167,178
1464.0,224,167,178
1465.0,224,167,178
1466.0,224,167,178
1467.0,224,167,178
1468.0,224,167,178
1469.0,224,167,178
1470.0,225,167,178
1471.0,225,167,178
1472.0,226,168,179
1473.0,226,168,179
1474.0,226,168,179
1475.0,226,168,179
1476.0,226,168,179
1477.0,227,168,179
1478.0,228,168,179
1479.0,228,168,180
1480.0,228,168,180
1481.0,228,168,180
1482.0,228,168,180
1483.0,228,168,180
1484.0,228,168,181
1485.0,228,169,181
1486.0,228,169,181
1487.0,228,170,181
1488.0,228,170,181
1489.0,228,170,181
1490.0,228,171,181
1491.0,228,171,181
1492.0,228,171,181
1493.0,228,171,181
1494.0,228,171,181
1495.0,228,171,181
1496.0,229,172,181
1497.0,229,172,181
1498.0,229,172,181
1499.0,229,172,181
1500.0,230,172,181
1501.0,230,173,181
1502.0,230,174,181
1503.0,231,174,181
1504.0,231,174,181
1505.0,231,174,181
1506.0,232,174,181
1507.0,232,174,181
1508.0,232,175,181
1509.0,232,175,181
1510.0,232,175,181
1511.0,232,176,181
1512.0,232,176,181
1513.0,233,177,181
1514.0,233,177,181
1515.0,234,177,181
1516.0,234,177,181
1517.0,234,177,181
1518.0,234,177,182
1519.0,234,178,182
1520.0,234,178,182
1521.0,234,178,182
1522.0,234,178,182
1523.0,234,179,182
1524.0,234,179,182
1525.0,234,179,182
1526.0,235,179,182
1527.0,236,179,182
1528.0,237,179,182
1529.0,237,179,182
1530.0,237,179,182
1531.0,237,180,182
1532.0,237,180,182
1533.0,237,180,182
1534.0,237,180,182
1535.0,237,181,183
1536.0,237,182,183
1537.0,238,182,183
1538.0,238,182,183
1539.0,238,183,183
1540.0,238,183,183
1541.0,238,183,183
1542.0,238,183,183
1543.0,238,184,184
1544.0,238,184,184
1545.0,238,184,184
1546.0,238,184,184
1547.0,239,184,184
1548.0,239,184,184
1549.0,239,184,184
1550.0,239,184,184
1551.0,240,184,184
1552.0,240,184,184
1553.0,241,184,184
1554.0,241,184,185
1555.0,241,184,185
1556.0,242,184,185
1557.0,242,184,185
1558.0,242,184,185
1559.0,242,184,186
1560.0,242,184,187
1561.0,242,184,187
1562.0,242,184,187
1563.0,243,184,187
1564.0,243,184,188
1565.0,243,184,188
1566.0,243,184,189
1567.0,243,184,189
1568.0,243,184,190
1569.0,243,184,190
1570.0,243,185,190
1571.0,243,186,190
1572.0,243,186,190
1573.0,244,186,190
1574.0,244,186,190
1575.0,244,186,191
1576.0,244,186,191
1577.0,244,186,191
1578.0,244,186,191
1579.0,245,186,191
1580.0,245,186,191
1581.0,245,186,192
1582.0,245,186,192
1583.0,246,186,192
1584.0,246,186,193
1585.0,246,186,193
1586.0,247,186,193
1587.0,248,186,193
1588.0,248,187,193
1589.0,248,187,193
1590.0,248,187,194
1591.0,248,187,194
1592.0,248,187,195
1593.0,248,187,195
1594.0,248,187,195
1595.0,248,187,195
1596.0,248,187,195
1597.0,248,187,195
1598.0,248,187,195
1599.0,248,187,195
1600.0,248,188,195
1601.0,248,188,195
1602.0,248,188,195
1603.0,248,188,196
1604.0,248,188,197
1605.0,248,188,197
1606.0,248,188,197
1607.0,248,188,198
1608.0,248,188,198
1609.0,248,188,198
1610.0,248,188,199
1611.0,248,188,200
1612.0,249,188,200
1613.0,249,188,200
1614.0,250,188,200
1615.0,250,188,200
1616.0,250,188,200
1617.0,250,188,200
1618.0,250,189,200
1619.0,250,189,200
1620.0,250,189,200
1621.0,251,189,200
1622.0,251,190,201
1623.0,251,190,202
1624.0,251,190,202
1625.0,251,191,202
1626.0,251,191,202
1627.0,251,191,202
1628.0,251,191,203
1629.0,251,191,203
1630.0,252,191,203
1631.0,252,191,203
1632.0,252,191,203
1633.0,253,191,203
1634.0,253,191,204
1635.0,253,191,204
1636.0,253,191,204
1637.0,253,191,204
1638.0,253,191,205
1639.0,254,192,205
1640.0,254,192,205
1641.0,254,192,205
1642.0,254,192,205
1643.0,255,192,205
1644.0,255,192,206
1645.0,255,192,206
1646.0,255,192,206
1647.0,255,192,206
1648.0,255,192,206
1649.0,255,192,206
1650.0,255,192,206
1651.0,255,192,206
1652.0,255,192,206
1653.0,256,192,206
1654.0,256,192,206
1655.0,256,193,207
1656.0,256,193,207
1657.0,256,193,207
1658.0,256,193,207
1659.0,256,193,207
1660.0,256,193,207
1661.0,256,194,207
1662.0,256,194,207
1663.0,256,194,207
1664.0,256,194,208
1665.0,257,194,208
1666.0,257,194,208
1667.0,257,194,208
1668.0,257,194,208
1669.0,258,195,208
1670.0,259,195,208
1671.0,259,195,208
1672.0,259,195,208
1673.0,260,195,208
1674.0,260,195,208
1675.0,260,195,208
1676.0,260,195,209
1677.0,260,195,209
1678.0,260,195,210
1679.0,261,195,210
1680.0,261,195,210
1681.0,261,195,210
1682.0,262,195,210
1683.0,262,195,210
1684.0,262,195,210
1685.0,262,195,210
1686.0,263,195,210
1687.0,263,196,210
1688.0,263,196,210
1689.0,263,196,210
1690.0,263,196,210
1691.0,264,196,210
1692.0,264,196,210
1693.0,264,196,210
1694.0,264,196,210
1695.0,264,196,210
1696.0,264,196,210
1697.0,264,197,211
1698.0,264,197,211
1699.0,264,197,211
1700.0,264,197,211
1701.0,264,197,211
1702.0,264,197,211
1703.0,264,197,211
1704.0,264,197,212
1705.0,264,197,212
1706.0,265,197,212
1707.0,265,197,212
1708.0,265,197,213
1709.0,265,197,213
1710.0,265,197,213
1711.0,265,197,213
1712.0,265,197,213
1713.0,266,197,213
1714.0,266,197,213
1715.0,266,197,213
1716.0,266,197,213
1717.0,266,197,213
1718.0,267,197,213
1719.0,267,197,213
1720.0,268,197,213
1721.0,268,197,213
1722.0,268,197,213
1723.0,268,197,213
1724.0,268,198,213
1725.0,268,198,213
1726.0,269,198,213
1727.0,269,198,213
1728.0,269,198,213
1729.0,269,198,213
1730.0,270,198,213
1731.0,271,198,214
1732.0,271,198,214
1733.0,271,198,214
1734.0,271,198,214
1735.0,271,199,214
1736.0,271,200,214
1737.0,271,200,215
1738.0,271,200,215
1739.0,271,200,215
1740.0,271,200,215
1741.0,271,200,215
1742.0,271,200,215
1743.0,272,200,215
1744.0,273,200,215
1745.0,274,200,215
1746.0,274,200,215
1747.0,274,200,215
1748.0,274,200,215
1749.0,274,200,215
1750.0,274,200,215
1751.0,274,200,215
1752.0,274,200,216
1753.0,275,201,216
1754.0,275,202,216
1755.0,275,202,216
1756.0,275,202,216
1757.0,275,202,216
1758.0,276,202,216
1759.0,276,203,216
1760.0,277,203,216
1761.0,277,203,216
1762.0,277,203,216
1763.0,277,203,217
1764.0,277,203,217
1765.0,277,203,217
1766.0,277,203,217
1767.0,277,203,218
1768.0,277,203,218
1769.0,277,203,218
1770.0,277,203,218
1771.0,277,203,218
1772.0,277,203,218
1773.0,278,203,218
1774.0,279,203,218
1775.0,279,203,218
1776.0,279,203,218
1777.0,279,203,218
1778.0,279,203,218
1779.0,279,203,218
1780.0,279,203,218
1781.0,279,204,218
1782.0,279,205,218
1783.0,279,205,218
1784.0,280,205,218
1785.0,280,206,218
1786.0,280,206,218
1787.0,280,207,218
1788.0,280,207,219
1789.0,280,207,219
1790.0,280,207,219
1791.0,280,207,219
1792.0,280,208,219
1793.0,280,208,219
1794.0,280,208,219
1795.0,280,208,220
1796.0,280,208,220
1797.0,280,208,220
1798.0,281,208,220
1799.0,281,209,220
1800.0,281,209,220
1801.0,281,209,221
1802.0,281,209,221
1803.0,281,209,222
1804.0,281,209,223
1805.0,281,209,223
1806.0,282,209,223
1807.0,283,209,223
1808.0,283,209,223
1809.0,283,210,223
1810.0,283,210,223
1811.0,283,210,223
1812.0,283,210,223
1813.0,284,210,223
1814.0,284,210,224
1815.0,284,210,224
1816.0,284,210,224
1817.0,284,210,224
1818.0,284,210,224
1819.0,284,211,224
1820.0,284,211,224
1821.0,285,211,224
1822.0,285,211,224
1823.0,285,211,224
1824.0,285,211,225
1825.0,285,211,225
1826.0,285,211,225
1827.0,285,211,225
1828.0,285,211,225
1829.0,285,211,225
1830.0,286,211,225
1831.0,286,211,225
1832.0,286,211,225
1833.0,287,211,225
1834.0,287,211,225
1835.0,287,211,225
1836.0,287,211,225
1837.0,287,211,225
1838.0,287,211,226
1839.0,287,211,226
1840.0,287,211,226
1841.0,287,212,226
1842.0,287,212,226
1843.0,287,212,226
1844.0,287,212,226
1845.0,288,212,226
1846.0,288,212,226
1847.0,288,212,226
1848.0,289,212,226
1849.0,289,212,226
1850.0,289,212,226
1851.0,289,212,226
1852.0,290,213,226
1853.0,290,213,226
1854.0,290,213,226
1855.0,290,214,226
1856.0,290,214,227
1857.0,290,214,227
1858.0,290,214,228
1859.0,290,214,228
1860.0,290,215,228
1861.0,290,216,228
1862.0,290,216,228
1863.0,291,216,228
1864.0,291,216,228
1865.0,291,217,228
1866.0,291,217,228
1867.0,291,217,228
1868.0,291,217,228
1869.0,291,218,229
1870.0,291,219,229
1871.0,291,219,230
1872.0,291,219,230
1873.0,291,219,231
1874.0,291,219,231
1875.0,291,219,231
1876.0,291,220,231
1877.0,291,220,232
1878.0,291,220,232
1879.0,291,220,232
1880.0,292,220,232
1881.0,292,220,233
1882.0,292,220,233
1883.0,292,220,233
1884.0,292,220,233
1885.0,293,220,233
1886.0,293,220,233
1887.0,293,220,233
1888.0,293,221,233
1889.0,293,221,233
1890.0,293,221,233
1891.0,293,221,234
1892.0,293,221,234
1893.0,293,221,234
1894.0,293,221,234
1895.0,293,222,234
1896.0,293,222,234
1897.0,293,222,234
1898.0,294,222,234
1899.0,294,222,234
1900.0,294,222,234
1901.0,294,222,234
1902.0,294,222,234
1903.0,294,222,234
1904.0,294,222,234
1905.0,295,222,234
1906.0,296,222,234
1907.0,296,223,234
1908.0,296,223,234
1909.0,297,223,234
1910.0,298,223,234
1911.0,298,223,234
1912.0,298,223,234
1913.0,298,223,235
1914.0,298,223,235
1915.0,298,224,235
1916.0,298,224,235
1917.0,298,224,235
1918.0,298,224,235
1919.0,298,224,235
1920.0,298,224,235
1921.0,299,224,235
1922.0,300,224,235
1923.0,300,224,235
1924.0,301,224,235
1925.0,301,225,235
1926.0,301,225,235
1927.0,302,225,235
1928.0,302,225,235
1929.0,302,225,235
1930.0,302,225,235
1931.0,302,225,235
1932.0,302,226,235
1933.0,302,226,235
1934.0,302,227,235
1935.0,302,227,235
1936.0,302,227,235
1937.0,303,227,235
1938.0,304,227,235
1939.0,304,227,235
1940.0,304,228,235
1941.0,304,228,235
1942.0,305,229,235
1943.0,306,230,235
1944.0,306,230,235
1945.0,306,231,236
1946.0,306,232,236
1947.0,306,232,236
1948.0,306,232,237
1949.0,306,232,237
1950.0,307,232,237
1951.0,307,232,237
1952.0,307,232,237
1953.0,307,232,237
1954.0,307,232,237
1955.0,308,232,237
1956.0,308,232,237
1957.0,308,232,238
1958.0,308,233,239
1959.0,308,234,239
1960.0,309,234,239
1961.0,309,235,239
1962.0,309,235,239
1963.0,309,235,239
1964.0,309,235,239
1965.0,309,235,239
1966.0,309,235,239
1967.0,309,235,239
1968.0,309,235,239
1969.0,309,236,239
1970.0,309,236,239
1971.0,310,236,239
1972.0,310,236,239
1973.0,311,237,239
1974.0,312,237,239
1975.0,312,237,239
1976.0,312,237,239
1977.0,312,237,240
1978.0,312,237,240
1979.0,312,237,240
1980.0,312,237,240
1981.0,312,237,240
1982.0,312,237,240
1983.0,312,237,240
1984.0,312,238,241
1985.0,312,238,241
1986.0,312,238,242
1987.0,313,238,242
1988.0,313,238,242
1989.0,313,238,242
1990.0,313,238,242
1991.0,313,238,242
1992.0,313,238,243
1993.0,313,239,243
1994.0,314,239,243
1995.0,314,239,243
1996.0,314,239,243
1997.0,314,239,243
1998.0,314,239,243
1999.0,314,239,243
2000.0,314,239,243
2001.0,314,240,243
2002.0,315,240,243
2003.0,315,240,243
2004.0,315,240,243
2005.0,316,240,243
2006.0,317,241,243
2007.0,317,241,243
2008.0,317,241,243
2009.0,318,241,243
2010.0,318,241,243
2011.0,318,241,244
2012.0,318,241,244
2013.0,318,241,244
2014.0,318,241,244
2015.0,318,241,244
2016.0,318,241,244
2017.0,318,241,245
2018.0,318,242,245
2019.0,318,242,245
2020.0,318,242,245
2021.0,318,242,245
2022.0,318,242,245
2023.0,318,242,245
2024.0,319,242,245
2025.0,319,242,245
2026.0,319,242,245
2027.0,319,242,246
2028.0,319,243,246
2029.0,320,244,246
2030.0,321,244,246
2031.0,321,244,246
2032.0,321,244,246
2033.0,321,244,246
2034.0,321,244,246
2035.0,321,245,246
2036.0,321,245,246
2037.0,321,245,246
2038.0,321,245,246
2039.0,321,245,246
2040.0,321,245,247
2041.0,321,245,247
2042.0,321,245,247
2043.0,321,245,247
2044.0,321,245,247
2045.0,322,245,247
2046.0,322,245,248
2047.0,323,245,248
2048.0,323,245,248
2049.0,323,245,248
2050.0,323,245,248
2051.0,323,245,248
2052.0,324,245,248
2053.0,324,245,248
2054.0,324,245,248
2055.0,325,245,248
2056.0,326,245,248
2057.0,326,245,248
2058.0,326,245,248
2059.0,327,245,248
2060.0,327,245,248
2061.0,327,245,248
2062.0,327,246,248
2063.0,327,246,248
2064.0,327,246,248
2065.0,327,246,248
2066.0,327,246,248
2067.0,327,246,248
2068.0,328,246,248
2069.0,328,246,248
2070.0,328,246,248
2071.0,328,246,248
2072.0,328,246,248
2073.0,329,246,248
2074.0,329,246,248
2075.0,330,246,248
2076.0,331,246,248
2077.0,331,246,248
2078.0,331,246,248
2079.0,331,246,248
2080.0,331,246,248
2081.0,331,246,248
2082.0,332,246,248
2083.0,332,246,248
2084.0,332,246,248
2085.0,332,246,248
2086.0,333,246,248
2087.0,333,246,249
2088.0,333,246,249
2089.0,334,246,249
2090.0,334,246,249
2091.0,334,246,249
2092.0,334,246,249
2093.0,334,246,249
2094.0,334,246,249
2095.0,334,246,249
2096.0,334,246,249
2097.0,334,246,249
2098.0,334,246,249
2099.0,334,246,249
2100.0,334,247,249
2101.0,334,247,249
2102.0,335,248,249
2103.0,335,248,249
2104.0,335,248,249
2105.0,335,248,249
2106.0,335,249,249
2107.0,336,249,249
2108.0,336,249,249
2109.0,336,250,249
2110.0,336,250,249
2111.0,336,250,249
2112.0,336,250,249
2113.0,336,250,249
2114.0,336,250,250
2115.0,336,250,250
2116.0,336,250,250
2117.0,336,250,250
2118.0,336,250,250
2119.0,336,250,250
2120.0,336,250,250
2121.0,336,250,250
2122.0,336,250,250
2123.0,337,250,250
2124.0,337,250,250
2125.0,338,251,250
2126.0,338,251,250
2127.0,338,251,250
2128.0,338,251,250
2129.0,338,251,250
2130.0,339,251,250
2131.0,339,252,250
2132.0,339,253,250
2133.0,339,253,251
2134.0,339,253,251
2135.0,339,254,251
2136.0,339,254,251
2137.0,339,254,251
2138.0,339,255,252
2139.0,339,255,252
2140.0,339,255,253
2141.0,339,256,253
2142.0,339,256,253
2143.0,339,256,253
2144.0,339,256,253
2145.0,339,256,253
2146.0,340,256,253
2147.0,340,256,253
2148.0,340,257,253
2149.0,340,258,253
2150.0,341,258,253
2151.0,341,258,253
2152.0,341,258,254
2153.0,341,258,254
2154.0,341,258,254
2155.0,341,258,254
2156.0,341,258,254
2157.0,341,258,254
2158.0,341,258,254
2159.0,341,259,254
2160.0,341,259,254
2161.0,341,259,254
2162.0,341,259,254
2163.0,341,259,254
2164.0,341,259,254
2165.0,341,259,254
2166.0,341,259,254
2167.0,341,259,254
2168.0,341,259,254
2169.0,341,259,254
2170.0,341,259,254
2171.0,341,259,254
2172.0,341,260,254
2173.0,341,260,255
2174.0,342,260,255
2175.0,342,260,256
2176.0,342,261,256
2177.0,343,261,256
2178.0,343,261,256
2179.0,343,262,256
2180.0,344,262,256
2181.0,344,262,256
2182.0,345,263,256
2183.0,345,263,256
2184.0,345,263,256
2185.0,346,263,256
2186.0,346,263,257
2187.0,346,263,257
2188.0,347,263,257
2189.0,347,263,257
2190.0,347,263,257
2191.0,348,263,257
2192.0,348,264,257
2193.0,348,265,257
2194.0,348,266,257
2195.0,348,267,257
2196.0,348,267,257
2197.0,348,267,257
2198.0,348,268,257
2199.0,349,268,257
2200.0,349,268,257
2201.0,349,268,257
2202.0,349,268,257
2203.0,349,268,257
2204.0,349,268,257
2205.0,349,268,257
2206.0,349,268,257
2207.0,350,268,257
2208.0,350,268,257
2209.0,351,268,257
2210.0,351,268,257
2211.0,351,268,257
2212.0,351,268,257
2213.0,351,268,257
2214.0,351,268,257
2215.0,351,268,257
2216.0,351,268,257
2217.0,351,268,257
2218.0,351,268,257
2219.0,352,268,257
2220.0,352,268,257
2221.0,352,269,258
2222.0,352,269,258
2223.0,352,269,258
2224.0,352,269,258
2225.0,352,269,258
2226.0,352,269,258
2227.0,352,269,258
2228.0,352,269,258
2229.0,352,269,258
2230.0,352,269,259
2231.0,352,270,259
2232.0,352,271,259
2233.0,352,271,260
2234.0,352,271,261
2235.0,352,271,261
2236.0,352,271,261
2237.0,353,271,261
2238.0,353,272,261
2239.0,353,272,261
2240.0,353,272,261
2241.0,354,272,261
2242.0,354,272,261
2243.0,354,272,261
2244.0,354,273,261
2245.0,354,273,261
2246.0,354,274,261
2247.0,355,274,261
2248.0,355,275,261
2249.0,356,275,261
2250.0,356,275,261
2251.0,356,275,262
2252.0,356,275,263
2253.0,356,275,263
2254.0,356,276,263
2255.0,356,276,263
2256.0,356,277,263
2257.0,357,277,263
2258.0,357,277,263
2259.0,358,277,263
2260.0,358,277,263
2261.0,358,277,263
2262.0,358,277,263
2263.0,358,277,263
2264.0,358,277,263
2265.0,359,278,263
2266.0,359,278,263
2267.0,359,278,263
2268.0,359,279,263
2269.0,359,279,263
2270.0,359,279,263
2271.0,360,279,263
2272.0,360,279,263
2273.0,360,279,263
2274.0,360,279,263
2275.0,360,279,263
2276.0,360,279,263
2277.0,360,279,263
2278.0,360,279,263
2279.0,360,279,263
2280.0,360,279,263
2281.0,360,279,263
2282.0,360,279,263
2283.0,360,279,263
2284.0,360,279,264
2285.0,360,279,264
2286.0,361,280,264
2287.0,362,280,264
2288.0,362,280,264
2289.0,363,280,264
2290.0,364,280,264
2291.0,365,280,264
2292.0,365,280,264
2293.0,365,280,264
2294.0,365,280,264
2295.0,365,280,264
2296.0,365,280,264
2297.0,365,280,264
2298.0,365,280,265
2299.0,365,280,266
2300.0,365,280,266
2301.0,365,280,266
2302.0,365,281,266
2303.0,365,281,266
2304.0,365,282,266
2305.0,365,282,266
2306.0,365,282,266
2307.0,365,282,266
2308.0,365,282,266
2309.0,365,282,267
2310.0,365,282,267
2311.0,366,282,267
2312.0,366,282,267
2313.0,367,283,267
2314.0,367,283,267
2315.0,367,283,267
2316.0,368,283,267
2317.0,368,283,268
2318.0,369,283,268
2319.0,369,283,268
2320.0,369,283,268
2321.0,370,283,268
2322.0,370,283,268
2323.0,370,283,268
2324.0,371,283,268
2325.0,371,283,268
2326.0,372,283,268
2327.0,373,283,268
2328.0,373,283,268
2329.0,373,283,268
2330.0,373,283,268
2331.0,373,283,269
2332.0,373,284,269
2333.0,373,284,269
2334.0,373,284,269
2335.0,373,284,269
2336.0,373,284,269
2337.0,374,284,269
2338.0,374,284,269
2339.0,374,284,269
2340.0,374,284,270
2341.0,374,284,270
2342.0,374,284,270
2343.0,374,284,270
2344.0,374,284,270
2345.0,375,284,270
2346.0,375,284,270
2347.0,375,284,270
2348.0,375,284,270
2349.0,376,284,270
2350.0,376,284,270
2351.0,376,284,270
2352.0,376,284,270
2353.0,376,284,270
2354.0,376,284,270
2355.0,376,284,270
2356.0,376,284,271
2357.0,376,284,271
2358.0,377,284,271
2359.0,377,284,272
2360.0,377,284,272
2361.0,377,284,272
2362.0,377,284,272
2363.0,377,285,272
2364.0,377,285,272
2365.0,378,285,272
2366.0,378,285,272
2367.0,378,285,272
2368.0,379,285,272
2369.0,379,286,272
2370.0,379,286,272
2371.0,379,286,272
2372.0,379,286,272
2373.0,379,286,272
2374.0,379,286,273
2375.0,380,286,273
2376.0,381,286,273
2377.0,381,286,273
2378.0,381,286,273
2379.0,381,286,273
2380.0,382,286,273
2381.0,382,286,273
2382.0,383,286,273
2383.0,383,287,273
2384.0,383,287,273
2385.0,383,287,273
2386.0,383,287,273
2387.0,383,287,273
2388.0,383,287,273
2389.0,383,287,273
2390.0,383,287,274
2391.0,383,287,274
2392.0,383,287,275
2393.0,384,288,275
2394.0,384,288,276
2395.0,384,288,276
2396.0,384,288,276
2397.0,384,288,277
2398.0,384,288,277
2399.0,384,288,278
2400.0,384,289,278
2401.0,384,289,278
2402.0,384,289,278
2403.0,384,289,278
2404.0,384,289,278
2405.0,384,289,278
2406.0,384,289,279
2407.0,384,289,279
2408.0,384,289,280
2409.0,384,289,280
2410.0,384,289,280
2411.0,385,289,280
2412.0,385,290,280
2413.0,385,290,280
2414.0,385,291,280
2415.0,385,291,280
2416.0,385,291,281
2417.0,385,291,281
2418.0,386,291,281
2419.0,386,291,281
2420.0,386,291,281
2421.0,386,291,281
2422.0,387,291,281
2423.0,387,291,281
2424.0,387,291,281
2425.0,388,291,281
2426.0,388,291,281
2427.0,388,291,281
2428.0,388,291,281
2429.0,388,291,282
2430.0,388,291,282
2431.0,389,291,282
2432.0,389,292,282
2433.0,389,293,282
2434.0,389,293,283
2435.0,389,293,283
2436.0,389,293,283
2437.0,389,294,283
2438.0,389,295,284
2439.0,389,295,284
2440.0,389,296,284
2441.0,389,296,284
2442.0,389,296,284
2443.0,389,296,284
2444.0,389,296,284
2445.0,389,296,284
2446.0,389,296,284
2447.0,389,296,284
2448.0,389,296,285
2449.0,389,296,285
2450.0,389,296,285
2451.0,389,296,285
2452.0,389,296,286
2453.0,389,296,286
2454.0,390,296,286
2455.0,390,296,286
2456.0,391,296,286
2457.0,392,296,286
2458.0,392,296,286
2459.0,392,297,287
2460.0,392,297,287
2461.0,393,297,287
2462.0,393,297,287
2463.0,393,297,287
2464.0,393,297,287
2465.0,393,297,287
2466.0,393,297,287
2467.0,393,297,287
2468.0,394,297,287
2469.0,394,297,287
2470.0,394,297,288
2471.0,395,297,288
2472.0,396,297,288
2473.0,397,297,288
2474.0,397,297,288
2475.0,397,297,288
2476.0,397,297,288
2477.0,397,297,288
2478.0,397,298,288
2479.0,397,298,289
2480.0,397,298,289
2481.0,398,298,289
2482.0,398,298,289
2483.0,398,298,289
2484.0,398,298,289
2485.0,398,298,289
2486.0,398,298,289
2487.0,398,298,290
2488.0,398,298,290
2489.0,398,298,290
2490.0,398,299,290
2491.0,399,299,290
2492.0,399,299,291
2493.0,400,299,291
2494.0,400,299,291
2495.0,400,299,291
2496.0,400,300,291
2497.0,401,300,291
2498.0,402,300,291
2499.0,402,300,291
2500.0,403,300,291
2501.0,403,300,291
2502.0,403,300,291
2503.0,403,300,292
2504.0,403,301,292
2505.0,404,301,292
2506.0,404,301,292
2507.0,404,301,292
2508.0,404,301,292
2509.0,404,301,292
2510.0,405,301,292
2511.0,406,301,292
2512.0,406,301,292
2513.0,406,301,292
2514.0,406,301,292
2515.0,406,301,292
2516.0,406,301,292
2517.0,406,302,292
2518.0,407,302,292
2519.0,407,302,292
2520.0,407,302,292
2521.0,407,303,292
2522.0,408,303,292
2523.0,408,303,293
2524.0,408,303,294
2525.0,408,303,294
2526.0,408,303,294
2527.0,408,303,294
2528.0,408,303,294
2529.0,408,303,294
2530.0,409,303,294
2531.0,410,303,294
2532.0,410,303,294
2533.0,410,303,294
2534.0,410,303,294
2535.0,410,303,294
2536.0,410,303,294
2537.0,410,303,294
2538.0,410,303,294
2539.0,410,303,294
2540.0,410,303,294
2541.0,410,303,294
2542.0,410,303,294
2543.0,410,303,294
2544.0,410,303,294
2545.0,411,303,294
2546.0,411,303,294
2547.0,411,303,294
2548.0,411,303,294
2549.0,411,304,294
2550.0,411,304,294
2551.0,411,304,294
2552.0,412,304,294
2553.0,412,304,295
2554.0,412,304,295
2555.0,412,304,295
2556.0,412,304,296
2557.0,412,304,296
2558.0,412,304,296
2559.0,412,304,296
2560.0,412,304,296
2561.0,412,304,296
2562.0,412,304,296
2563.0,412,304,297
2564.0,412,305,297
2565.0,412,305,298
2566.0,412,305,298
2567.0,413,305,298
2568.0,413,305,298
2569.0,413,305,298
2570.0,413,305,298
2571.0,413,305,298
2572.0,413,305,298
2573.0,414,305,298
2574.0,414,305,298
2575.0,414,305,299
2576.0,415,305,299
2577.0,415,306,299
2578.0,415,306,300
2579.0,415,307,300
2580.0,416,307,300
2581.0,416,307,300
2582.0,416,308,300
2583.0,416,309,301
2584.0,416,309,302
2585.0,416,309,302
2586.0,416,309,302
2587.0,416,309,302
2588.0,416,309,302
2589.0,416,309,302
2590.0,416,309,302
2591.0,416,309,302
2592.0,416,309,302
2593.0,416,310,302
2594.0,416,310,302
2595.0,416,310,302
2596.0,416,310,302
2597.0,416,310,302
2598.0,416,310,302
2599.0,416,310,302
2600.0,416,310,302
2601.0,417,310,302
2602.0,417,310,303
2603.0,417,310,304
2604.0,417,310,304
2605.0,418,311,304
2606.0,418,311,304
2607.0,418,311,304
2608.0,418,311,304
2609.0,418,311,304
2610.0,418,311,304
2611.0,418,311,305
2612.0,418,311,305
2613.0,418,311,305
2614.0,418,312,305
2615.0,418,312,305
2616.0,418,313,305
2617.0,418,314,305
2618.0,418,314,305
2619.0,418,314,305
2620.0,418,314,305
2621.0,418,314,305
2622.0,418,315,305
2623.0,418,315,305
2624.0,418,315,305
2625.0,418,315,305
2626.0,419,315,305
2627.0,419,315,305
2628.0,419,315,305
2629.0,420,315,305
2630.0,420,315,305
2631.0,420,315,305
2632.0,421,316,305
2633.0,421,316,305
2634.0,421,316,305
2635.0,421,316,305
2636.0,421,316,305
2637.0,421,316,305
2638.0,421,316,305
2639.0,421,316,305
2640.0,422,316,305
2641.0,422,316,305
2642.0,423,316,305
2643.0,423,316,305
2644.0,424,316,305
2645.0,425,316,305
2646.0,425,316,305
2647.0,425,316,305
2648.0,425,316,305
2649.0,426,316,305
2650.0,426,316,305
2651.0,426,316,305
2652.0,426,316,305
2653.0,426,317,305
2654.0,426,317,305
2655.0,426,318,305
2656.0,426,318,305
2657.0,426,318,305
2658.0,427,318,305
2659.0,427,318,306
2660.0,427,319,307
2661.0,427,319,308
2662.0,427,320,309
2663.0,427,320,309
2664.0,427,320,310
2665.0,428,320,310
2666.0,428,320,310
2667.0,428,320,310
2668.0,428,320,310
2669.0,428,320,310
2670.0,428,320,310
2671.0,428,320,310
2672.0,428,320,310
2673.0,428,320,310
2674.0,428,320,310
2675.0,428,320,310
2676.0,428,320,310
2677.0,428,320,311
2678.0,428,320,312
2679.0,428,320,312
2680.0,428,320,312
2681.0,428,320,312
2682.0,428,320,312
2683.0,428,320,312
2684.0,428,320,312
2685.0,428,320,312
2686.0,429,320,312
2687.0,429,320,313
2688.0,429,320,313
2689.0,429,320,313
2690.0,430,320,313
2691.0,431,320,313
2692.0,431,320,314
2693.0,431,320,314
2694.0,431,320,314
2695.0,431,321,314
2696.0,432,321,314
2697.0,432,321,314
2698.0,432,321,315
2699.0,432,321,315
2700.0,432,321,315
2701.0,432,321,316
2702.0,432,321,316
2703.0,432,321,316
2704.0,432,321,316
2705.0,432,321,316
2706.0,432,321,316
2707.0,433,321,316
2708.0,433,321,316
2709.0,433,321,316
2710.0,433,322,316
2711.0,433,323,316
2712.0,434,323,316
2713.0,435,324,316
2714.0,435,324,316
2715.0,435,324,316
2716.0,435,324,316
2717.0,435,325,316
2718.0,435,325,317
2719.0,435,325,317
2720.0,435,325,317
2721.0,435,325,317
2722.0,435,325,318
2723.0,436,325,318
2724.0,436,325,318
2725.0,437,325,318
2726.0,437,326,318
2727.0,437,326,318
2728.0,438,326,318
2729.0,438,326,318
2730.0,438,326,318
2731.0,438,326,318
2732.0,439,326,318
2733.0,439,327,319
2734.0,440,327,319
2735.0,440,327,319
2736.0,440,327,319
2737.0,440,327,319
2738.0,440,327,319
2739.0,440,327,319
2740.0,440,327,319
2741.0,440,327,319
2742.0,440,327,319
2743.0,440,327,319
2744.0,440,327,319
2745.0,440,328,320
2746.0,441,328,320
2747.0,441,328,320
2748.0,441,328,320
2749.0,441,328,320
2750.0,441,328,320
2751.0,441,328,321
2752.0,442,328,321
2753.0,442,328,321
2754.0,442,329,321
2755.0,442,330,321
2756.0,442,331,321
2757.0,443,331,321
2758.0,443,331,321
2759.0,443,331,321
2760.0,443,331,322
2761.0,443,331,322
2762.0,443,331,322
2763.0,443,331,322
2764.0,443,331,322
2765.0,443,332,322
2766.0,443,332,322
2767.0,443,333,323
2768.0,443,333,323
2769.0,443,333,323
2770.0,443,333,323
2771.0,443,333,323
2772.0,444,333,323
2773.0,444,333,323
2774.0,444,333,323
2775.0,444,333,323
2776.0,444,333,323
2777.0,444,333,323
2778.0,444,333,323
2779.0,444,333,323
2780.0,444,333,324
2781.0,444,334,324
2782.0,444,334,324
2783.0,444,334,324
2784.0,444,335,324
2785.0,444,335,324
2786.0,444,335,324
2787.0,445,335,324
2788.0,445,335,324
2789.0,445,335,324
2790.0,445,335,324
2791.0,445,335,324
2792.0,445,335,324
2793.0,445,335,325
2794.0,446,335,325
2795.0,447,335,325
2796.0,447,335,325
2797.0,448,336,325
2798.0,448,336,325
2799.0,448,336,325
2800.0,449,337,325
2801.0,449,337,325
2802.0,449,337,325
2803.0,449,337,326
2804.0,449,337,326
2805.0,449,337,326
2806.0,449,337,326
2807.0,449,337,326
2808.0,449,337,327
2809.0,449,337,328
2810.0,449,337,329
2811.0,449,337,330
2812.0,449,337,330
2813.0,449,337,331
2814.0,449,337,331
2815.0,450,337,331
2816.0,450,338,332
2817.0,450,338,332
2818.0,450,338,332
2819.0,450,338,333
2820.0,450,339,333
2821.0,450,339,333
2822.0,450,339,333
2823.0,450,339,333
2824.0,450,339,333
2825.0,451,339,333
2826.0,451,340,333
2827.0,451,340,333
2828.0,451,340,333
2829.0,451,340,333
2830.0,451,340,333
2831.0,451,340,333
2832.0,451,340,333
2833.0,451,340,333
2834.0,451,340,333
2835.0,451,341,333
2836.0,451,341,333
2837.0,451,341,333
2838.0,451,341,333
2839.0,451,341,334
2840.0,451,341,334
2841.0,451,341,334
2842.0,451,341,334
2843.0,451,341,334
2844.0,451,341,334
2845.0,452,341,334
2846.0,453,341,334
2847.0,453,341,334
2848.0,453,341,334
2849.0,453,341,335
2850.0,453,341,335
2851.0,453,341,335
2852.0,453,341,335
2853.0,453,342,335
2854.0,453,342,335
2855.0,453,342,335
2856.0,454,342,335
2857.0,454,343,335
2858.0,455,343,335
2859.0,455,344,336
2860.0,455,345,336
2861.0,456,345,336
2862.0,456,345,336
2863.0,456,345,336
2864.0,457,345,336
2865.0,457,345,336
2866.0,458,346,336
2867.0,458,346,336
2868.0,458,346,336
2869.0,458,346,336
2870.0,458,346,336
2871.0,458,346,336
2872.0,458,347,336
2873.0,458,347,336
2874.0,458,347,336
2875.0,458,347,336
2876.0,458,348,336
2877.0,458,348,336
2878.0,459,349,336
2879.0,459,349,336
2880.0,459,349,336
2881.0,459,349,336
2882.0,459,349,336
2883.0,460,349,336
2884.0,460,349,336
2885.0,460,349,336
2886.0,460,349,337
2887.0,460,349,337
2888.0,460,349,337
2889.0,460,349,337
2890.0,460,349,337
2891.0,461,349,337
2892.0,461,349,337
2893.0,462,349,337
2894.0,462,349,337
2895.0,462,349,337
2896.0,462,349,337
2897.0,462,349,337
2898.0,462,349,337
2899.0,462,349,337
2900.0,462,349,338
2901.0,462,349,338
2902.0,462,350,338
2903.0,462,350,338
2904.0,462,350,338
2905.0,462,350,338
2906.0,462,350,338
2907.0,463,350,338
2908.0,463,350,338
2909.0,463,350,338
2910.0,464,351,338
2911.0,464,351,338
2912.0,464,351,339
2913.0,464,352,340
2914.0,464,352,340
2915.0,464,353,340
2916.0,465,354,340
2917.0,465,354,341
2918.0,465,354,341
2919.0,465,354,341
2920.0,465,354,341
2921.0,465,354,342
2922.0,465,355,342
2923.0,465,355,342
2924.0,466,355,342
2925.0,466,355,342
2926.0,466,356,343
2927.0,466,357,343
2928.0,466,358,343
2929.0,467,358,343
2930.0,467,358,344
2931.0,467,358,344
2932.0,467,358,344
2933.0,467,358,344
2934.0,468,358,344
2935.0,469,358,344
2936.0,469,359,344
2937.0,470,360,344
2938.0,470,360,344
2939.0,471,360,344
2940.0,471,360,344
2941.0,471,360,344
2942.0,471,360,344
2943.0,471,360,344
2944.0,471,361,344
2945.0,471,361,344
2946.0,472,361,344
2947.0,472,361,344
2948.0,472,361,344
2949.0,472,361,344
2950.0,472,361,344
2951.0,472,361,344
2952.0,472,361,344
2953.0,472,361,345
2954.0,473,361,345
2955.0,474,361,345
2956.0,474,361,346
2957.0,474,361,346
2958.0,474,361,346
2959.0,474,361,346
2960.0,474,361,346
2961.0,474,361,346
2962.0,475,361,346
2963.0,475,361,346
2964.0,475,361,346
2965.0,475,361,346
2966.0,475,361,346
2967.0,475,361,346
2968.0,475,361,346
2969.0,475,362,346
2970.0,475,362,346
2971.0,475,362,346
2972.0,475,362,346
2973.0,475,363,346
2974.0,475,363,346
2975.0,475,363,346
2976.0,476,363,346
2977.0,476,364,346
2978.0,476,364,346
2979.0,476,364,346
2980.0,476,364,346
2981.0,476,364,346
2982.0,476,364,346
2983.0,476,365,347
2984.0,477,365,347
2985.0,477,365,347
2986.0,477,365,347
2987.0,477,365,347
2988.0,478,365,347
2989.0,478,365,347
2990.0,478,365,348
2991.0,478,366,348
2992.0,478,367,348
2993.0,479,367,348
2994.0,479,367,348
2995.0,479,367,348
2996.0,479,367,348
2997.0,479,367,348
2998.0,479,367,348
2999.0,479,367,348
3000.0,479,368,349
3001.0,479,368,349
3002.0,479,368,349
3003.0,479,368,349
3004.0,479,368,349
3005.0,479,368,349
3006.0,479,368,349
3007.0,479,369,349
3008.0,479,369,349
3009.0,479,369,349
3010.0,479,369,349
3011.0,479,369,349
3012.0,479,369,349
3013.0,479,369,349
3014.0,480,369,349
3015.0,480,369,349
3016.0,480,369,349
3017.0,480,369,349
3018.0,480,369,349
3019.0,480,369,349
3020.0,480,369,349
3021.0,480,369,349
3022.0,480,369,349
3023.0,480,369,349
3024.0,480,369,349
3025.0,480,370,349
3026.0,480,370,349
3027.0,480,370,349
3028.0,480,370,349
3029.0,481,370,349
3030.0,481,370,349
3031.0,482,370,349
3032.0,483,371,349
3033.0,484,371,349
3034.0,484,371,349
3035.0,485,371,349
3036.0,485,371,349
3037.0,485,371,349
3038.0,485,371,349
3039.0,485,371,349
3040.0,485,371,349
3041.0,485,371,349
3042.0,485,371,349
3043.0,485,372,349
3044.0,485,373,349
3045.0,485,373,349
3046.0,485,373,350
3047.0,485,373,350
3048.0,485,373,350
3049.0,486,373,350
3050.0,486,373,351
3051.0,486,373,351
3052.0,486,373,351
3053.0,486,373,351
3054.0,486,373,351
3055.0,486,373,351
3056.0,486,373,352
3057.0,486,373,352
3058.0,487,373,352
3059.0,487,373,352
3060.0,488,373,352
3061.0,488,373,352
3062.0,488,373,352
3063.0,488,374,352
3064.0,489,374,352
3065.0,489,375,352
3066.0,489,375,353
3067.0,489,375,353
3068.0,489,375,353
3069.0,490,375,353
3070.0,490,375,353
3071.0,490,375,353
3072.0,490,376,353
3073.0,490,376,353
3074.0,490,376,353
3075.0,490,377,353
3076.0,490,378,353
3077.0,490,378,353
3078.0,490,378,353
3079.0,491,378,353
3080.0,491,378,353
3081.0,491,378,353
3082.0,491,378,354
3083.0,491,378,354
3084.0,491,378,354
3085.0,491,378,354
3086.0,492,378,354
3087.0,492,378,354
3088.0,492,379,354
3089.0,492,379,355
3090.0,492,379,355
3091.0,492,379,356
3092.0,492,379,356
3093.0,492,379,356
3094.0,493,379,356
3095.0,493,379,356
3096.0,493,380,356
3097.0,493,380,356
3098.0,493,380,356
3099.0,493,380,356
3100.0,493,380,356
3101.0,493,380,356
3102.0,493,380,356
3103.0,494,380,356
3104.0,495,380,356
3105.0,495,380,356
3106.0,495,380,356
3107.0,495,380,356
3108.0,495,380,356
3109.0,495,380,356
3110.0,495,381,357
3111.0,495,381,357
3112.0,495,381,357
3113.0,495,382,357
3114.0,496,382,357
3115.0,496,382,357
3116.0,496,382,357
3117.0,496,382,357
3118.0,496,382,358
3119.0,496,382,358
3120.0,496,382,358
3121.0,496,382,359
3122.0,496,382,359
3123.0,496,382,359
3124.0,496,383,359
3125.0,496,383,359
3126.0,497,384,359
3127.0,497,384,359
3128.0,497,384,359
3129.0,497,385,359
3130.0,497,385,359
3131.0,497,386,359
3132.0,498,387,359
3133.0,498,387,359
3134.0,498,387,359
3135.0,498,387,359
3136.0,498,387,359
3137.0,499,387,359
3138.0,499,387,359
3139.0,499,387,359
3140.0,499,387,359
3141.0,499,387,359
3142.0,499,387,359
3143.0,499,387,360
3144.0,499,387,360
3145.0,499,387,360
3146.0,499,387,360
3147.0,499,387,361
3148.0,499,387,361
3149.0,500,387,361
3150.0,500,387,361
3151.0,500,387,361
3152.0,500,387,361
3153.0,500,387,361
3154.0,500,387,361
3155.0,500,387,361
3156.0,500,387,361
3157.0,501,388,361
3158.0,501,389,361
3159.0,502,389,361
3160.0,502,389,361
3161.0,502,389,361
3162.0,502,389,362
3163.0,503,389,362
3164.0,503,389,362
3165.0,503,389,362
3166.0,503,389,362
3167.0,503,389,362
3168.0,503,389,362
3169.0,503,390,362
3170.0,503,390,362
3171.0,503,390,362
3172.0,503,390,362
3173.0,503,390,362
3174.0,504,390,362
3175.0,504,390,362
3176.0,504,390,362
3177.0,504,390,362
3178.0,505,390,362
3179.0,505,390,362
3180.0,506,390,362
3181.0,506,390,363
3182.0,506,390,363
3183.0,507,390,363
3184.0,507,390,363
3185.0,507,390,363
3186.0,507,390,363
3187.0,507,391,363
3188.0,507,391,363
3189.0,507,391,363
3190.0,507,392,363
3191.0,507,392,364
3192.0,507,392,364
3193.0,507,392,364
3194.0,507,392,364
3195.0,508,392,364
3196.0,508,392,364
3197.0,508,392,364
3198.0,509,392,364
3199.0,509,393,364
3200.0,509,393,364
3201.0,509,393,364
3202.0,509,393,364
3203.0,510,393,364
3204.0,510,393,364
3205.0,510,393,364
3206.0,510,394,364
3207.0,510,395,364
3208.0,510,395,364
3209.0,510,395,364
3210.0,511,396,364
3211.0,511,396,364
3212.0,511,397,364
3213.0,511,397,364
3214.0,511,397,364
3215.0,511,397,364
3216.0,511,397,364
3217.0,511,397,364
3218.0,511,397,364
3219.0,511,397,364
3220.0,511,397,364
3221.0,511,397,364
3222.0,511,397,365
3223.0,511,398,365
3224.0,512,398,365
3225.0,512,398,365
3226.0,512,398,365
3227.0,512,398,366
3228.0,512,398,367
3229.0,512,399,367
3230.0,512,399,367
3231.0,512,399,367
3232.0,512,399,367
3233.0,512,399,367
3234.0,512,399,367
3235.0,512,399,367
3236.0,512,399,367
3237.0,513,400,367
3238.0,513,400,367
3239.0,513,400,368
3240.0,513,400,368
3241.0,513,400,368
3242.0,513,400,368
3243.0,513,400,368
3244.0,513,400,368
3245.0,513,400,368
3246.0,513,400,368
3247.0,513,400,368
3248.0,513,400,368
3249.0,514,400,368
3250.0,514,400,368
3251.0,515,400,368
3252.0,515,400,368
3253.0,516,400,368
3254.0,516,400,368
3255.0,516,400,368
3256.0,516,401,368
3257.0,516,401,368
3258.0,516,401,368
3259.0,517,402,368
3260.0,517,402,368
3261.0,518,402,368
3262.0,518,402,368
3263.0,518,402,368
3264.0,518,402,368
3265.0,518,402,369
3266.0,518,402,369
3267.0,519,402,369
3268.0,519,402,369
3269.0,519,402,369
3270.0,519,402,370
3271.0,519,402,370
3272.0,520,402,370
3273.0,520,402,370
3274.0,520,402,370
3275.0,520,402,370
3276.0,520,402,370
3277.0,520,402,370
3278.0,520,402,370
3279.0,520,403,370
3280.0,520,403,370
3281.0,520,404,371
3282.0,520,404,371
3283.0,520,404,371
3284.0,521,404,371
3285.0,521,404,371
3286.0,521,404,371
3287.0,521,404,371
3288.0,521,404,371
3289.0,521,404,371
3290.0,521,404,371
3291.0,522,404,372
3292.0,522,404,372
3293.0,523,404,372
3294.0,523,404,372
3295.0,523,404,372
3296.0,523,404,372
3297.0,523,404,372
3298.0,523,404,372
3299.0,523,404,372
3300.0,523,404,372
3301.0,523,405,372
3302.0,523,405,372
3303.0,523,405,372
3304.0,523,405,372
3305.0,523,405,372
3306.0,523,405,372
3307.0,523,405,372
3308.0,523,405,372
3309.0,523,405,372
3310.0,524,405,372
3311.0,524,405,372
3312.0,524,405,372
3313.0,524,405,372
3314.0,524,405,372
3315.0,524,406,372
3316.0,524,406,372
3317.0,525,406,372
3318.0,526,406,372
3319.0,526,407,372
3320.0,526,407,372
3321.0,527,407,372
3322.0,527,408,372
3323.0,527,408,372
3324.0,527,408,372
3325.0,527,408,372
3326.0,527,408,372
3327.0,527,408,372
3328.0,527,408,372
3329.0,527,408,372
3330.0,527,408,372
3331.0,527,408,372
3332.0,528,408,372
3333.0,528,409,373
3334.0,528,409,373
3335.0,528,409,374
3336.0,528,409,374
3337.0,528,409,374
3338.0,528,409,374
3339.0,528,409,374
3340.0,528,409,375
3341.0,528,409,375
3342.0,528,409,375
3343.0,528,409,375
3344.0,528,409,375
3345.0,528,409,376
3346.0,528,409,376
3347.0,528,409,377
3348.0,528,409,378
3349.0,528,409,378
3350.0,528,409,378
3351.0,528,409,378
3352.0,529,409,378
3353.0,529,410,378
3354.0,530,410,378
3355.0,530,410,378
3356.0,530,410,378
3357.0,530,410,378
3358.0,530,410,379
3359.0,530,410,379
3360.0,530,410,379
3361.0,530,410,379
3362.0,530,411,379
3363.0,530,412,379
3364.0,530,412,379
3365.0,530,412,379
3366.0,530,412,379
3367.0,530,412,379
3368.0,530,412,379
3369.0,530,413,380
3370.0,530,413,381
3371.0,530,414,381
3372.0,530,414,381
3373.0,530,414,382
3374.0,530,414,382
3375.0,530,414,382
3376.0,530,414,383
3377.0,530,414,383
3378.0,531,414,383
3379.0,531,414,383
3380.0,532,414,383
3381.0,532,414,383
3382.0,532,414,383
3383.0,532,414,383
3384.0,532,414,383
3385.0,533,414,383
3386.0,533,414,383
3387.0,533,414,383
3388.0,533,414,383
3389.0,533,414,383
3390.0,533,414,383
3391.0,533,414,383
3392.0,533,414,383
3393.0,534,414,383
3394.0,535,415,383
3395.0,535,415,384
3396.0,536,416,384
3397.0,536,416,384
3398.0,536,416,384
3399.0,537,416,384
3400.0,537,417,385
3401.0,537,418,385
3402.0,537,418,386
3403.0,537,418,386
3404.0,537,418,386
3405.0,537,418,386
3406.0,537,418,386
3407.0,537,418,386
3408.0,537,418,386
3409.0,537,418,386
3410.0,537,418,386
3411.0,537,418,386
3412.0,537,418,386
3413.0,537,418,386
3414.0,537,418,386
3415.0,537,419,386
3416.0,538,419,386
3417.0,538,419,386
3418.0,538,419,387
3419.0,538,419,388
3420.0,538,419,388
3421.0,539,419,388
3422.0,539,419,388
3423.0,540,419,388
3424.0,540,419,388
3425.0,540,419,388
3426.0,541,419,388
3427.0,541,419,388
3428.0,541,419,388
3429.0,541,419,389
3430.0,541,420,389
3431.0,542,420,389
3432.0,542,420,389
3433.0,542,420,389
3434.0,543,420,389
3435.0,543,420,389
3436.0,543,420,389
3437.0,543,420,390
3438.0,543,420,390
3439.0,543,420,390
3440.0,544,420,390
3441.0,544,420,390
3442.0,544,420,390
3443.0,544,420,390
3444.0,545,421,390
3445.0,545,421,390
3446.0,546,421,390
3447.0,546,421,390
3448.0,546,421,390
3449.0,546,421,390
3450.0,547,421,390
3451.0,547,421,391
3452.0,547,421,391
3453.0,547,422,391
3454.0,547,422,391
3455.0,547,422,391
3456.0,547,422,391
3457.0,547,422,392
3458.0,547,422,392
3459.0,547,422,392
